<?xml version="1.0" encoding="UTF-8"?>
<beans xmlns="http://www.springframework.org/schema/beans"
	xmlns:xsi="http://www.w3.org/2001/XMLSchema-instance" xmlns:aop="http://www.springframework.org/schema/aop"
	xmlns:tx="http://www.springframework.org/schema/tx"
	xsi:schemaLocation="
    http://www.springframework.org/schema/beans http://www.springframework.org/schema/beans/spring-beans.xsd
    http://www.springframework.org/schema/tx http://www.springframework.org/schema/tx/spring-tx.xsd
    http://www.springframework.org/schema/aop http://www.springframework.org/schema/aop/spring-aop.xsd">

	<bean id="propertyConfigurer"
		class="org.springframework.beans.factory.config.PropertyPlaceholderConfigurer">
		<property name="locations">
			<list>
				<value>classpath*:*.properties</value>
			</list>
		</property>
	</bean>


	<bean id="twoDivCodeService" class="com.kk.code.service.TwoDicCodeService">
		<property name="twoDivCodeGenHandler" ref="twoDivCodeGenHandler"></property>
		<property name="templateHandler" ref="templateHandler"></property>
	</bean>

	<bean id="twoDivCodeGenHandler" class="com.kk.code.handle.TwoDivCodeGenHandler" />

	<bean id="templateHandler" class="com.kk.code.handle.TemplateHandler">
		<property name="templateList">
			<list>
				<bean class="com.kk.code.model.TemplateInfo">
					<property name="animId" value="226" />
					<property name="name" value="罗罗布" />
					<property name="smallUrl"
						value="http://fmn.rrimg.com/fmn063/20140227/1045/original_J789_752a00001a21118c.jpg" />
					<property name="largeUrl"
						value="http://fmn.rrimg.com/fmn063/20140227/1045/original_J789_752a00001a21118c.jpg" />
				</bean>
				<bean class="com.kk.code.model.TemplateInfo">
					<property name="animId" value="229" />
					<property name="name" value="张小盒" />
					<property name="smallUrl"
						value="http://fmn.rrimg.com/fmn058/20140227/1045/original_M3x3_75da00001a17118c.jpg" />
					<property name="largeUrl"
						value="http://fmn.rrimg.com/fmn058/20140227/1045/original_M3x3_75da00001a17118c.jpg" />
				</bean>
				<bean class="com.kk.code.model.TemplateInfo">
					<property name="animId" value="230" />
					<property name="name" value="炮炮兵" />
					<property name="smallUrl"
						value="http://fmn.rrimg.com/fmn063/20140227/1045/original_hDnX_751a00001a0d118c.jpg" />
					<property name="largeUrl"
						value="http://fmn.rrimg.com/fmn063/20140227/1045/original_hDnX_751a00001a0d118c.jpg" />
				</bean>
				<bean class="com.kk.code.model.TemplateInfo">
					<property name="animId" value="231" />
					<property name="name" value="炮炮兵" />
					<property name="smallUrl"
						value="http://fmn.rrimg.com/fmn059/20140227/1045/original_GNgu_74fa00001a20118c.jpg" />
					<property name="largeUrl"
						value="http://fmn.rrimg.com/fmn059/20140227/1045/original_GNgu_74fa00001a20118c.jpg" />
				</bean>
				<bean class="com.kk.code.model.TemplateInfo">
					<property name="animId" value="233" />
					<property name="name" value="渣渣兔" />
					<property name="smallUrl"
						value="http://fmn.rrimg.com/fmn056/20140227/1105/original_TFxA_75da00001abc118c.jpg" />
					<property name="largeUrl"
						value="http://fmn.rrimg.com/fmn056/20140227/1105/original_TFxA_75da00001abc118c.jpg" />
				</bean>
				<bean class="com.kk.code.model.TemplateInfo">
					<property name="animId" value="234" />
					<property name="name" value="CC猫" />
					<property name="smallUrl"
						value="http://fmn.rrimg.com/fmn064/20140227/1105/original_oH9h_75ca00001ac9118c.jpg" />
					<property name="largeUrl"
						value="http://fmn.rrimg.com/fmn064/20140227/1105/original_oH9h_75ca00001ac9118c.jpg" />
				</bean>
				<bean class="com.kk.code.model.TemplateInfo">
					<property name="animId" value="238" />
					<property name="name" value="阿狸" />
					<property name="smallUrl"
						value="http://fmn.rrimg.com/fmn056/20140227/1105/original_P908_74ea00001ac1118c.jpg" />
					<property name="largeUrl"
						value="http://fmn.rrimg.com/fmn056/20140227/1105/original_P908_74ea00001ac1118c.jpg" />
				</bean>
				<bean class="com.kk.code.model.TemplateInfo">
					<property name="animId" value="239" />
					<property name="name" value="阿狸" />
					<property name="smallUrl"
						value="http://fmn.rrimg.com/fmn063/20140227/1105/original_Jayj_762a00001ac5118c.jpg" />
					<property name="largeUrl"
						value="http://fmn.rrimg.com/fmn063/20140227/1105/original_Jayj_762a00001ac5118c.jpg" />
				</bean>
				<bean class="com.kk.code.model.TemplateInfo">
					<property name="animId" value="240" />
					<property name="name" value="冷兔" />
					<property name="smallUrl"
						value="http://fmn.rrimg.com/fmn059/20140227/1115/original_DvoN_75da00001b1a118c.jpg" />
					<property name="largeUrl"
						value="http://fmn.rrimg.com/fmn059/20140227/1115/original_DvoN_75da00001b1a118c.jpg" />
				</bean>
				<bean class="com.kk.code.model.TemplateInfo">
					<property name="animId" value="241" />
					<property name="name" value="冷兔" />
					<property name="smallUrl"
						value="http://fmn.rrimg.com/fmn058/20140227/1115/original_YeE4_756a00001b34118c.jpg" />
					<property name="largeUrl"
						value="http://fmn.rrimg.com/fmn058/20140227/1115/original_YeE4_756a00001b34118c.jpg" />
				</bean>
				<bean class="com.kk.code.model.TemplateInfo">
					<property name="animId" value="227" />
					<property name="name" value="明卡猫" />
					<property name="smallUrl"
						value="http://fmn.rrimg.com/fmn063/20140227/1115/original_BbzU_760a00001b28118c.jpg" />
					<property name="largeUrl"
						value="http://fmn.rrimg.com/fmn063/20140227/1115/original_BbzU_760a00001b28118c.jpg" />
				</bean>
				<bean class="com.kk.code.model.TemplateInfo">
					<property name="animId" value="245" />
					<property name="name" value="麦拉风" />
					<property name="smallUrl"
						value="http://fmn.rrimg.com/fmn056/20140227/1115/original_fJn0_751a00001b12118c.jpg" />
					<property name="largeUrl"
						value="http://fmn.rrimg.com/fmn056/20140227/1115/original_fJn0_751a00001b12118c.jpg" />
				</bean>
				<bean class="com.kk.code.model.TemplateInfo">
					<property name="animId" value="246" />
					<property name="name" value="阿哆" />
					<property name="smallUrl"
						value="http://fmn.rrimg.com/fmn059/20140227/1120/original_M4ax_75da00001b26118c.jpg" />
					<property name="largeUrl"
						value="http://fmn.rrimg.com/fmn059/20140227/1120/original_M4ax_75da00001b26118c.jpg" />
				</bean>
				<bean class="com.kk.code.model.TemplateInfo">
					<property name="animId" value="310" />
					<property name="name" value="做面膜" />
					<property name="smallUrl"
						value="http://fmn.rrimg.com/fmn056/20140224/1605/original_KFeN_499500007bfb118c.jpg" />
					<property name="largeUrl"
						value="http://fmn.rrimg.com/fmn056/20140224/1605/original_KFeN_499500007bfb118c.jpg" />
				</bean>
				<bean class="com.kk.code.model.TemplateInfo">
					<property name="animId" value="311" />
					<property name="name" value="购物" />
					<property name="smallUrl"
						value="http://fmn.rrimg.com/fmn058/20140224/1600/original_LOD4_4a2400007b94118c.jpg" />
					<property name="largeUrl"
						value="http://fmn.rrimg.com/fmn058/20140224/1600/original_LOD4_4a2400007b94118c.jpg" />
				</bean>
				<bean class="com.kk.code.model.TemplateInfo">
					<property name="animId" value="312" />
					<property name="name" value="睡懒觉" />
					<property name="smallUrl"
						value="http://fmn.rrimg.com/fmn057/20140224/1605/original_Dbz4_499500007bee118c.jpg" />
					<property name="largeUrl"
						value="http://fmn.rrimg.com/fmn057/20140224/1605/original_Dbz4_499500007bee118c.jpg" />
				</bean>
				<bean class="com.kk.code.model.TemplateInfo">
					<property name="animId" value="313" />
					<property name="name" value="唱情歌" />
					<property name="smallUrl"
						value="http://fmn.rrimg.com/fmn058/20140224/1555/original_n4gW_499500007b84118c.jpg" />
					<property name="largeUrl"
						value="http://fmn.rrimg.com/fmn058/20140224/1555/original_n4gW_499500007b84118c.jpg" />
				</bean>
				<bean class="com.kk.code.model.TemplateInfo">
					<property name="animId" value="314" />
					<property name="name" value="游泳" />
					<property name="smallUrl"
						value="http://fmn.rrimg.com/fmn063/20140224/1605/original_F6ts_4a7400007bde118c.jpg" />
					<property name="largeUrl"
						value="http://fmn.rrimg.com/fmn063/20140224/1605/original_F6ts_4a7400007bde118c.jpg" />
				</bean>
				<bean class="com.kk.code.model.TemplateInfo">
					<property name="animId" value="315" />
					<property name="name" value="旅游" />
					<property name="smallUrl"
						value="http://fmn.rrimg.com/fmn056/20140224/1600/original_tGwJ_497500007b6a118c.jpg" />
					<property name="largeUrl"
						value="http://fmn.rrimg.com/fmn056/20140224/1600/original_tGwJ_497500007b6a118c.jpg" />
				</bean>
				<bean class="com.kk.code.model.TemplateInfo">
					<property name="animId" value="316" />
					<property name="name" value="拉拉队" />
					<property name="smallUrl"
						value="http://fmn.rrimg.com/fmn056/20140224/1600/original_8xpU_49e500007b43118c.jpg" />
					<property name="largeUrl"
						value="http://fmn.rrimg.com/fmn056/20140224/1600/original_8xpU_49e500007b43118c.jpg" />
				</bean>
				<bean class="com.kk.code.model.TemplateInfo">
					<property name="animId" value="317" />
					<property name="name" value="如花" />
					<property name="smallUrl"
						value="http://fmn.rrimg.com/fmn061/20140224/1605/original_h2me_4a7400007bd1118c.jpg" />
					<property name="largeUrl"
						value="http://fmn.rrimg.com/fmn061/20140224/1605/original_h2me_4a7400007bd1118c.jpg" />
				</bean>
				<bean class="com.kk.code.model.TemplateInfo">
					<property name="animId" value="319" />
					<property name="name" value="DJ耍帅" />
					<property name="smallUrl"
						value="http://fmn.rrimg.com/fmn060/20140224/1555/original_Zo9H_4a3a00007b32118c.jpg" />
					<property name="largeUrl"
						value="http://fmn.rrimg.com/fmn060/20140224/1555/original_Zo9H_4a3a00007b32118c.jpg" />
				</bean>
				<bean class="com.kk.code.model.TemplateInfo">
					<property name="animId" value="321" />
					<property name="name" value="校园告白" />
					<property name="smallUrl"
						value="http://fmn.rrimg.com/fmn058/20140224/1605/original_tHmm_49a300007b96118c.jpg" />
					<property name="largeUrl"
						value="http://fmn.rrimg.com/fmn058/20140224/1605/original_tHmm_49a300007b96118c.jpg" />
				</bean>
				<bean class="com.kk.code.model.TemplateInfo">
					<property name="animId" value="323" />
					<property name="name" value="点名啦" />
					<property name="smallUrl"
						value="http://fmn.rrimg.com/fmn059/20140224/1555/original_Q8Iv_4a5600007b61118c.jpg" />
					<property name="largeUrl"
						value="http://fmn.rrimg.com/fmn059/20140224/1555/original_Q8Iv_4a5600007b61118c.jpg" />
				</bean>
			</list>
		</property>
	</bean>
</beans>